video,sigma_test,jepa_error,sbit_oracle_error,sbit_mean_error,diversity,cloud_mean_bias_vs_truth,cloud_mean_bias_vs_jepa,win
0,0.001,0.8350255489349365,1.2127052545547485,1.216208815574646,0.006929932162165642,1.2161993980407715,0.7818261981010437,0.0
0,0.05,0.8350255489349365,1.1192147731781006,1.2434487342834473,0.31543445587158203,1.2239185571670532,0.7877105474472046,0.0
0,0.1,0.8350255489349365,0.967714250087738,1.2833218574523926,0.5568771362304688,1.2239044904708862,0.7885103225708008,0.0
0,0.15,0.8350255489349365,0.9172430634498596,1.3055965900421143,0.7096140384674072,1.2082966566085815,0.7813584804534912,0.0
0,0.2,0.8350255489349365,0.9204077124595642,1.3590657711029053,0.9379853010177612,1.1861335039138794,0.7753720879554749,0.0
0,0.32,0.8350255489349365,0.8900468349456787,1.4711837768554688,1.291365385055542,1.1349081993103027,0.7513591647148132,0.0
0,0.5,0.8350255489349365,0.9515630602836609,1.622969627380371,1.5964407920837402,1.1692631244659424,0.8857872486114502,0.0
0,0.8,0.8350255489349365,0.9794116020202637,1.7612451314926147,1.6697074174880981,1.3148342370986938,1.0860564708709717,0.0
1,0.001,0.708577036857605,0.9321637153625488,0.93381667137146,0.007024411577731371,0.9338035583496094,0.6120400428771973,0.0
1,0.05,0.708577036857605,0.8711107969284058,0.9603062272071838,0.31915318965911865,0.9333639740943909,0.6336291432380676,0.0
1,0.1,0.708577036857605,0.8624458312988281,1.0250457525253296,0.5708979964256287,0.9415645599365234,0.6513064503669739,0.0
1,0.15,0.708577036857605,0.8675407767295837,1.1012977361679077,0.7685723900794983,0.9571160078048706,0.670044481754303,0.0
1,0.2,0.708577036857605,0.7964329123497009,1.191260814666748,0.9566224217414856,0.9676650762557983,0.6343722939491272,0.0
1,0.32,0.708577036857605,0.8511629700660706,1.3502197265625,1.2935279607772827,0.975014328956604,0.6799145936965942,0.0
1,0.5,0.708577036857605,0.973345160484314,1.5974035263061523,1.7058161497116089,1.0287971496582031,0.6987581849098206,0.0
1,0.8,0.708577036857605,1.0744050741195679,1.7248941659927368,1.7070518732070923,1.2380908727645874,0.9744570255279541,0.0
2,0.001,0.6213932633399963,1.0174496173858643,1.0193679332733154,0.006722711026668549,1.0193572044372559,0.8999350666999817,0.0
2,0.05,0.6213932633399963,0.900356650352478,1.0028164386749268,0.30938825011253357,0.9789499044418335,0.8574987053871155,0.0
2,0.1,0.6213932633399963,0.7934154868125916,1.0483125448226929,0.5297883749008179,0.9813033938407898,0.8620533347129822,0.0
2,0.15,0.6213932633399963,0.779344916343689,1.0948617458343506,0.6840370297431946,0.9842217564582825,0.8745318055152893,0.0
2,0.2,0.6213932633399963,0.761275589466095,1.1292610168457031,0.844984233379364,0.9627020955085754,0.8514803647994995,0.0
2,0.32,0.6213932633399963,0.854187548160553,1.3911465406417847,1.2545956373214722,1.074124813079834,0.9840213060379028,0.0
2,0.5,0.6213932633399963,0.7918760776519775,1.6255624294281006,1.5465376377105713,1.2207852602005005,1.137540578842163,0.0
2,0.8,0.6213932633399963,1.0233888626098633,1.8722317218780518,1.6746065616607666,1.480405330657959,1.412276268005371,0.0
3,0.001,0.7781795263290405,0.7942323684692383,0.7965161204338074,0.007887465879321098,0.796496570110321,0.6257873773574829,0.0
3,0.05,0.7781795263290405,0.7304075360298157,0.8719063997268677,0.36162400245666504,0.8343055248260498,0.6475181579589844,1.0
3,0.1,0.7781795263290405,0.7091790437698364,0.9883832335472107,0.662295401096344,0.8756189942359924,0.682422935962677,1.0
3,0.15,0.7781795263290405,0.7726102471351624,1.0512642860412598,0.8638530969619751,0.861958384513855,0.6776161193847656,1.0
3,0.2,0.7781795263290405,0.7335071563720703,1.0906023979187012,0.9776226282119751,0.8461492657661438,0.6607879996299744,1.0
3,0.32,0.7781795263290405,0.766593873500824,1.2887208461761475,1.36093008518219,0.873221755027771,0.664634644985199,1.0
3,0.5,0.7781795263290405,0.8579984307289124,1.6319580078125,1.9049081802368164,0.9629953503608704,0.7655856013298035,0.0
3,0.8,0.7781795263290405,0.9291152358055115,1.6927170753479004,1.9153395891189575,1.0236117839813232,0.8619662523269653,0.0
4,0.001,0.8212336301803589,1.3828036785125732,1.3855732679367065,0.006814840715378523,1.3855652809143066,1.1359246969223022,0.0
4,0.05,0.8212336301803589,1.2998234033584595,1.4440821409225464,0.3190930187702179,1.4270888566970825,1.1659331321716309,0.0
4,0.1,0.8212336301803589,1.228399634361267,1.4989725351333618,0.5304112434387207,1.4536716938018799,1.1826130151748657,0.0
4,0.15,0.8212336301803589,1.1291694641113281,1.5318289995193481,0.7391084432601929,1.4431825876235962,1.1648508310317993,0.0
4,0.2,0.8212336301803589,1.0355435609817505,1.5403155088424683,0.8980270028114319,1.408371090888977,1.142292857170105,0.0
4,0.32,0.8212336301803589,0.9822133183479309,1.5892608165740967,1.2068320512771606,1.3340201377868652,1.0246233940124512,0.0
4,0.5,0.8212336301803589,0.9013037085533142,1.648668885231018,1.644247055053711,1.1503154039382935,0.8588039875030518,0.0
4,0.8,0.8212336301803589,0.9754990339279175,1.597738265991211,1.6466478109359741,1.0820844173431396,0.6735877394676208,0.0
5,0.001,0.6768088936805725,1.2368924617767334,1.239048957824707,0.0066535696387290955,1.239040493965149,0.9774444103240967,0.0
5,0.05,0.6768088936805725,1.143349051475525,1.3044058084487915,0.30555346608161926,1.287216305732727,1.0373297929763794,0.0
5,0.1,0.6768088936805725,1.0507608652114868,1.3543586730957031,0.5348442196846008,1.3034700155258179,1.0554989576339722,0.0
5,0.15,0.6768088936805725,1.0314998626708984,1.4414587020874023,0.7185924649238586,1.3549233675003052,1.1178908348083496,0.0
5,0.2,0.6768088936805725,0.8756493926048279,1.4789550304412842,0.9480845332145691,1.3280459642410278,1.0828944444656372,0.0
5,0.32,0.6768088936805725,0.9897903800010681,1.675134539604187,1.3340301513671875,1.3827544450759888,1.1410512924194336,0.0
5,0.5,0.6768088936805725,1.068848729133606,1.8577330112457275,1.666053056716919,1.4351831674575806,1.1845566034317017,0.0
5,0.8,0.6768088936805725,1.1670255661010742,2.040200710296631,1.7440954446792603,1.6355557441711426,1.4155148267745972,0.0
6,0.001,0.5451616048812866,0.698474109172821,0.700002133846283,0.006477049086242914,0.6999871134757996,0.5606398582458496,0.0
6,0.05,0.5451616048812866,0.6353214383125305,0.7072432637214661,0.28555718064308167,0.6778842806816101,0.5399763584136963,0.0
6,0.1,0.5451616048812866,0.5437400937080383,0.7534355521202087,0.5054612159729004,0.6633678078651428,0.5221147537231445,1.0
6,0.15,0.5451616048812866,0.5434587597846985,0.796798050403595,0.7027438879013062,0.6219729781150818,0.47789573669433594,1.0
6,0.2,0.5451616048812866,0.518072783946991,0.8433389067649841,0.8199042677879333,0.6104621887207031,0.47112300992012024,1.0
6,0.32,0.5451616048812866,0.5430253744125366,1.04392409324646,1.235053539276123,0.5570085644721985,0.3878784477710724,1.0
6,0.5,0.5451616048812866,0.6001537442207336,1.304931640625,1.5662297010421753,0.7054870128631592,0.5580271482467651,0.0
6,0.8,0.5451616048812866,0.7115643620491028,1.478320837020874,1.660952091217041,0.9257179498672485,0.7819012999534607,0.0
7,0.001,1.4645308256149292,1.3016530275344849,1.3033201694488525,0.007274300791323185,1.3033100366592407,0.9777047634124756,1.0
7,0.05,1.4645308256149292,1.2253414392471313,1.314447283744812,0.33951297402381897,1.2923617362976074,0.9696537256240845,1.0
7,0.1,1.4645308256149292,1.142990231513977,1.3399206399917603,0.6167492866516113,1.2661311626434326,0.9898879528045654,1.0
7,0.15,1.4645308256149292,1.0644744634628296,1.3613839149475098,0.8120653629302979,1.2327117919921875,0.9896160364151001,1.0
7,0.2,1.4645308256149292,1.0242762565612793,1.3948757648468018,0.9826443791389465,1.2059215307235718,0.9976851344108582,1.0
7,0.32,1.4645308256149292,0.9611105918884277,1.5548638105392456,1.475293755531311,1.1408523321151733,1.0398141145706177,1.0
7,0.5,1.4645308256149292,1.0433135032653809,1.617069959640503,1.806658148765564,0.9666897654533386,1.2568488121032715,1.0
7,0.8,1.4645308256149292,1.0121688842773438,1.651391863822937,1.8843343257904053,0.9468095302581787,1.3484117984771729,1.0
8,0.001,0.7395198345184326,1.4064782857894897,1.4089404344558716,0.0071626692079007626,1.4089317321777344,1.201846957206726,0.0
8,0.05,0.7395198345184326,1.2716492414474487,1.4282430410385132,0.3262951672077179,1.4104067087173462,1.2110730409622192,0.0
8,0.1,0.7395198345184326,1.157785415649414,1.4555675983428955,0.5954686403274536,1.3974840641021729,1.2015985250473022,0.0
8,0.15,0.7395198345184326,1.0502610206604004,1.4754959344863892,0.7548432350158691,1.383255958557129,1.2000967264175415,0.0
8,0.2,0.7395198345184326,1.0472304821014404,1.492209792137146,0.9393522143363953,1.3411093950271606,1.1574920415878296,0.0
8,0.32,0.7395198345184326,1.071657419204712,1.621745228767395,1.2070480585098267,1.3809093236923218,1.1908011436462402,0.0
8,0.5,0.7395198345184326,0.9768995046615601,1.808990716934204,1.5908949375152588,1.4239357709884644,1.2124160528182983,0.0
8,0.8,0.7395198345184326,1.098971962928772,1.9353078603744507,1.707287073135376,1.5264123678207397,1.31023371219635,0.0
9,0.001,0.9044365286827087,1.1673704385757446,1.1707913875579834,0.006990827154368162,1.1707812547683716,1.0447561740875244,0.0
9,0.05,0.9044365286827087,0.9592059254646301,1.1306171417236328,0.3292994797229767,1.107431173324585,0.9681124091148376,0.0
9,0.1,0.9044365286827087,0.8676696419715881,1.1585149765014648,0.5989301800727844,1.083164930343628,0.9304052591323853,1.0
9,0.15,0.9044365286827087,0.7731682062149048,1.2029873132705688,0.7784271836280823,1.0790235996246338,0.9719786643981934,1.0
9,0.2,0.9044365286827087,0.7424789071083069,1.1779353618621826,0.9251902103424072,0.9873964190483093,0.853320300579071,1.0
9,0.32,0.9044365286827087,0.7828792929649353,1.3468449115753174,1.3554234504699707,0.9632290601730347,0.8845422267913818,1.0
9,0.5,0.9044365286827087,0.8663055300712585,1.4971716403961182,1.6122976541519165,0.9867455363273621,1.0503160953521729,1.0
9,0.8,0.9044365286827087,1.0005278587341309,1.6719727516174316,1.835492491722107,1.0561734437942505,1.0968339443206787,0.0
10,0.001,0.7618498802185059,1.103253722190857,1.1052428483963013,0.006505877710878849,1.1052331924438477,0.6405705213546753,0.0
10,0.05,0.7618498802185059,1.0159817934036255,1.14408278465271,0.2925202548503876,1.1256732940673828,0.6942450404167175,0.0
10,0.1,0.7618498802185059,0.965727686882019,1.2038651704788208,0.534733772277832,1.1447113752365112,0.7218878865242004,0.0
10,0.15,0.7618498802185059,0.919234573841095,1.258353352546692,0.6770299673080444,1.1663177013397217,0.7499733567237854,0.0
10,0.2,0.7618498802185059,0.8610895276069641,1.2950454950332642,0.812975287437439,1.1597959995269775,0.7314144968986511,0.0
10,0.32,0.7618498802185059,0.6611000895500183,1.4416872262954712,1.179892897605896,1.1719191074371338,0.709304928779602,1.0
10,0.5,0.7618498802185059,0.7239848375320435,1.581848382949829,1.4739927053451538,1.187328577041626,0.7178662419319153,1.0
10,0.8,0.7618498802185059,1.0462006330490112,1.770004391670227,1.6889441013336182,1.3054429292678833,0.8618382215499878,0.0
11,0.001,0.6401386260986328,1.286787509918213,1.289618968963623,0.00693457992747426,1.2896101474761963,1.0546646118164062,0.0
11,0.05,0.6401386260986328,1.137455701828003,1.2903872728347778,0.3200032711029053,1.2715204954147339,1.043912410736084,0.0
11,0.1,0.6401386260986328,0.9904297590255737,1.3419173955917358,0.5615012645721436,1.2850821018218994,1.0596874952316284,0.0
11,0.15,0.6401386260986328,0.9524412751197815,1.3463690280914307,0.7149549722671509,1.2553651332855225,1.0312466621398926,0.0
11,0.2,0.6401386260986328,0.9246912002563477,1.428375244140625,0.8600786924362183,1.2984145879745483,1.072562336921692,0.0
11,0.32,0.6401386260986328,0.7109755873680115,1.6430729627609253,1.2972807884216309,1.3716349601745605,1.1407597064971924,0.0
11,0.5,0.6401386260986328,0.8952350616455078,1.9361724853515625,1.6244083642959595,1.5696470737457275,1.3225947618484497,0.0
11,0.8,0.6401386260986328,1.0314182043075562,2.1758334636688232,1.7214096784591675,1.822317361831665,1.5547730922698975,0.0
12,0.001,0.6991956233978271,1.260228157043457,1.2645273208618164,0.007051525637507439,1.2645176649093628,0.9594804644584656,0.0
12,0.05,0.6991956233978271,1.181939959526062,1.2907521724700928,0.3222973048686981,1.270684838294983,0.9681200385093689,0.0
12,0.1,0.6991956233978271,1.1129273176193237,1.3521733283996582,0.5727912187576294,1.2912014722824097,0.9825707674026489,0.0
12,0.15,0.6991956233978271,1.0332145690917969,1.3989205360412598,0.7196136116981506,1.3068771362304688,1.0056779384613037,0.0
12,0.2,0.6991956233978271,0.9476431012153625,1.4359617233276367,0.902668833732605,1.2848924398422241,0.9852625727653503,0.0
12,0.32,0.6991956233978271,0.974586009979248,1.5767425298690796,1.3268275260925293,1.2652655839920044,0.9978752136230469,0.0
12,0.5,0.6991956233978271,0.9953125715255737,1.7227212190628052,1.7474035024642944,1.2053626775741577,0.9959676265716553,0.0
12,0.8,0.6991956233978271,0.8388340473175049,1.8097643852233887,1.9422886371612549,1.1765886545181274,0.9910280704498291,0.0
13,0.001,0.9193717837333679,1.4313603639602661,1.4349018335342407,0.0079065365716815,1.4348913431167603,1.2019122838974,0.0
13,0.05,0.9193717837333679,1.30265212059021,1.4415680170059204,0.3699820339679718,1.4189453125,1.1429953575134277,0.0
13,0.1,0.9193717837333679,1.160627007484436,1.4700872898101807,0.6483782529830933,1.4006463289260864,1.1061533689498901,0.0
13,0.15,0.9193717837333679,1.096639633178711,1.518889307975769,0.8197289109230042,1.4102485179901123,1.108336091041565,0.0
13,0.2,0.9193717837333679,0.9852482080459595,1.5967614650726318,0.92267245054245,1.4698824882507324,1.19081711769104,0.0
13,0.32,0.9193717837333679,0.9680227041244507,1.8452816009521484,1.3024787902832031,1.621181845664978,1.3874801397323608,0.0
13,0.5,0.9193717837333679,0.9934316873550415,2.0799453258514404,1.5399091243743896,1.8029353618621826,1.6002975702285767,0.0
13,0.8,0.9193717837333679,1.3207712173461914,2.230558395385742,1.6747426986694336,1.9084830284118652,1.7301441431045532,0.0
14,0.001,1.1926854848861694,1.8194866180419922,1.821776270866394,0.006955650169402361,1.8217697143554688,1.324243426322937,0.0
14,0.05,1.1926854848861694,1.7073554992675781,1.8906642198562622,0.3200937509536743,1.877519965171814,1.3904165029525757,0.0
14,0.1,1.1926854848861694,1.6575440168380737,1.9650301933288574,0.585229218006134,1.9225516319274902,1.4515306949615479,0.0
14,0.15,1.1926854848861694,1.5630357265472412,2.022886276245117,0.7706873416900635,1.9503881931304932,1.4830832481384277,0.0
14,0.2,1.1926854848861694,1.573021411895752,2.034223794937134,0.9024150371551514,1.9331823587417603,1.4501043558120728,0.0
14,0.32,1.1926854848861694,1.572994351387024,2.2102043628692627,1.2345941066741943,2.030367374420166,1.5661165714263916,0.0
14,0.5,1.1926854848861694,1.2645148038864136,2.152862310409546,1.5271728038787842,1.8629956245422363,1.3645391464233398,0.0
14,0.8,1.1926854848861694,1.428134799003601,2.1108477115631104,1.6527929306030273,1.7550145387649536,1.281701922416687,0.0
15,0.001,1.5126408338546753,1.3789724111557007,1.3820223808288574,0.007498837076127529,1.3820123672485352,0.35037145018577576,1.0
15,0.05,1.5126408338546753,1.297911286354065,1.4412198066711426,0.353380411863327,1.420531988143921,0.3318389654159546,1.0
15,0.1,1.5126408338546753,1.1149064302444458,1.4897371530532837,0.6466075778007507,1.4217766523361206,0.34112292528152466,1.0
15,0.15,1.5126408338546753,1.1526832580566406,1.5671173334121704,0.84049391746521,1.4583443403244019,0.34300142526626587,1.0
15,0.2,1.5126408338546753,1.1139302253723145,1.5829524993896484,1.0048779249191284,1.420770525932312,0.3581957221031189,1.0
15,0.32,1.5126408338546753,0.9619550108909607,1.6562635898590088,1.4499813318252563,1.3090312480926514,0.4583570659160614,1.0
15,0.5,1.5126408338546753,0.9991690516471863,1.8283910751342773,1.8191089630126953,1.3027702569961548,0.6522876620292664,1.0
15,0.8,1.5126408338546753,1.144431710243225,1.9716161489486694,1.9195022583007812,1.433727741241455,0.9771907329559326,1.0
16,0.001,0.9620797038078308,1.067155122756958,1.0688045024871826,0.007271746639162302,1.068792462348938,0.7391570210456848,0.0
16,0.05,0.9620797038078308,1.0197248458862305,1.0863287448883057,0.3332502841949463,1.0602240562438965,0.7066321969032288,0.0
16,0.1,0.9620797038078308,0.9855881929397583,1.1347767114639282,0.5858295559883118,1.0549261569976807,0.6789341568946838,0.0
16,0.15,0.9620797038078308,0.9303627610206604,1.2128387689590454,0.7907175421714783,1.070837378501892,0.704338788986206,1.0
16,0.2,0.9620797038078308,0.9166892170906067,1.2163859605789185,0.922352135181427,1.0169215202331543,0.7088986039161682,1.0
16,0.32,0.9620797038078308,0.9861739277839661,1.386881947517395,1.3512427806854248,0.9882509112358093,0.7880653142929077,0.0
16,0.5,0.9620797038078308,0.9503374695777893,1.5400477647781372,1.6824018955230713,0.9511337280273438,0.9132739901542664,1.0
16,0.8,0.9620797038078308,0.9531549215316772,1.6247828006744385,1.8878378868103027,0.8984550833702087,0.8349514603614807,1.0
17,0.001,0.6485421657562256,0.8047389984130859,0.8070287704467773,0.007015435490757227,0.8070136904716492,0.8547919392585754,0.0
17,0.05,0.6485421657562256,0.7386977076530457,0.8313839435577393,0.3237994313240051,0.7992391586303711,0.8398827910423279,0.0
17,0.1,0.6485421657562256,0.7499117851257324,0.9300475716590881,0.57501220703125,0.8366667628288269,0.8718327283859253,0.0
17,0.15,0.6485421657562256,0.7451928853988647,1.0384994745254517,0.7779859304428101,0.8776780366897583,0.9214285612106323,0.0
17,0.2,0.6485421657562256,0.7151132225990295,1.1323679685592651,0.9076554179191589,0.9324861168861389,0.9836304187774658,0.0
17,0.32,0.6485421657562256,0.8407266736030579,1.4836900234222412,1.4365251064300537,1.0684071779251099,1.119339942932129,0.0
17,0.5,0.6485421657562256,0.9398735761642456,1.736544132232666,1.6069661378860474,1.33689546585083,1.4117050170898438,0.0
17,0.8,0.6485421657562256,1.020779013633728,2.001180410385132,1.9444968700408936,1.473708987236023,1.5571542978286743,0.0
18,0.001,0.6789218187332153,1.2063713073730469,1.2089581489562988,0.006605744827538729,1.2089492082595825,0.8427479863166809,0.0
18,0.05,0.6789218187332153,1.0664119720458984,1.2055261135101318,0.3189341723918915,1.1850676536560059,0.8414337635040283,0.0
18,0.1,0.6789218187332153,0.9266441464424133,1.2492517232894897,0.5639649033546448,1.1880322694778442,0.8368073105812073,0.0
18,0.15,0.6789218187332153,0.922072172164917,1.2753496170043945,0.7443391680717468,1.1668835878372192,0.8089063167572021,0.0
18,0.2,0.6789218187332153,0.8364617824554443,1.3318694829940796,0.9102800488471985,1.1764776706695557,0.8341888785362244,0.0
18,0.32,0.6789218187332153,0.7542768120765686,1.5294039249420166,1.3607507944107056,1.1901512145996094,0.804055392742157,0.0
18,0.5,0.6789218187332153,0.7681481838226318,1.7835090160369873,1.6486643552780151,1.3699513673782349,0.9526287913322449,0.0
18,0.8,0.6789218187332153,1.0137906074523926,1.993496298789978,1.8513789176940918,1.5122958421707153,1.0859431028366089,0.0
19,0.001,0.8397753834724426,1.0608941316604614,1.062516450881958,0.00699835317209363,1.0625051259994507,0.4543091356754303,0.0
19,0.05,0.8397753834724426,0.9802327752113342,1.0847880840301514,0.3254469931125641,1.0602015256881714,0.4361882507801056,0.0
19,0.1,0.8397753834724426,0.9323500990867615,1.1513952016830444,0.5817407965660095,1.074655294418335,0.4533521831035614,0.0
19,0.15,0.8397753834724426,0.8589870929718018,1.2200483083724976,0.8012089133262634,1.0766465663909912,0.45648112893104553,0.0
19,0.2,0.8397753834724426,0.8999291658401489,1.2786273956298828,0.9775080680847168,1.0682319402694702,0.4716699719429016,0.0
19,0.32,0.8397753834724426,0.9543679356575012,1.4674001932144165,1.3633031845092773,1.0983850955963135,0.656305730342865,0.0
19,0.5,0.8397753834724426,1.0917987823486328,1.6801716089248657,1.6172243356704712,1.2143925428390503,0.8044978976249695,0.0
19,0.8,0.8397753834724426,1.1285591125488281,1.852397084236145,1.814292550086975,1.3304901123046875,1.013195276260376,0.0
20,0.001,0.8175612092018127,1.698704719543457,1.7016068696975708,0.006904575973749161,1.7015999555587769,1.362125039100647,0.0
20,0.05,0.8175612092018127,1.5589944124221802,1.7093719244003296,0.3317394554615021,1.6940038204193115,1.3589400053024292,0.0
20,0.1,0.8175612092018127,1.4913781881332397,1.702707052230835,0.5667133927345276,1.6560195684432983,1.325036883354187,0.0
20,0.15,0.8175612092018127,1.3117778301239014,1.7256442308425903,0.8290575742721558,1.6262648105621338,1.3005173206329346,0.0
20,0.2,0.8175612092018127,1.1335896253585815,1.656785249710083,0.9778442978858948,1.5102317333221436,1.1526356935501099,0.0
20,0.32,0.8175612092018127,1.2155250310897827,1.8169000148773193,1.3693513870239258,1.5399256944656372,1.209302306175232,0.0
20,0.5,0.8175612092018127,1.095834493637085,1.7216570377349854,1.6656880378723145,1.2565441131591797,0.8511322736740112,0.0
20,0.8,0.8175612092018127,1.3328381776809692,1.9585427045822144,1.8295161724090576,1.4624545574188232,1.1460243463516235,0.0
21,0.001,0.5599410533905029,0.6281917095184326,0.6304625272750854,0.006371939089149237,0.6304464340209961,0.4025517702102661,0.0
21,0.05,0.5599410533905029,0.5781304240226746,0.6654017567634583,0.2815241515636444,0.6351540088653564,0.42332723736763,0.0
21,0.1,0.5599410533905029,0.5486003756523132,0.7577885389328003,0.5048109292984009,0.6692025661468506,0.47362837195396423,1.0
21,0.15,0.5599410533905029,0.5550660490989685,0.7889812588691711,0.6456731557846069,0.6420277953147888,0.46184173226356506,1.0
21,0.2,0.5599410533905029,0.5958728194236755,0.8538611531257629,0.8084034323692322,0.6282805800437927,0.44074928760528564,0.0
21,0.32,0.5599410533905029,0.623047947883606,1.0320204496383667,1.2208601236343384,0.5490543842315674,0.34393465518951416,0.0
21,0.5,0.5599410533905029,0.6579021215438843,1.241565465927124,1.550999641418457,0.5706589818000793,0.4103963375091553,0.0
21,0.8,0.5599410533905029,0.7737188339233398,1.4304046630859375,1.7479345798492432,0.7347599267959595,0.6602776646614075,0.0
22,0.001,0.5526572465896606,0.9946010708808899,0.9977595210075378,0.006775466725230217,0.997748613357544,0.8495954871177673,0.0
22,0.05,0.5526572465896606,0.8905852437019348,1.0148190259933472,0.3037872016429901,0.9927999973297119,0.8392594456672668,0.0
22,0.1,0.5526572465896606,0.7607908844947815,1.053246259689331,0.5363696217536926,0.9862625598907471,0.8300624489784241,0.0
22,0.15,0.5526572465896606,0.5920507311820984,1.0917174816131592,0.7271319031715393,0.9671716094017029,0.8098809719085693,0.0
22,0.2,0.5526572465896606,0.6448867321014404,1.1223728656768799,0.9031011462211609,0.9339523315429688,0.7811660170555115,0.0
22,0.32,0.5526572465896606,0.7509337663650513,1.267776370048523,1.259076476097107,0.9098878502845764,0.7595453262329102,0.0
22,0.5,0.5526572465896606,0.6803924441337585,1.3572547435760498,1.5151643753051758,0.8322216272354126,0.7018544673919678,0.0
22,0.8,0.5526572465896606,0.7631797790527344,1.5177475214004517,1.6394312381744385,0.986640214920044,0.8871949315071106,0.0
23,0.001,1.3306838274002075,1.1956641674041748,1.198454737663269,0.006742618978023529,1.1984453201293945,0.3260844647884369,1.0
23,0.05,1.3306838274002075,1.1274325847625732,1.2448304891586304,0.3077456057071686,1.2262623310089111,0.29727596044540405,1.0
23,0.1,1.3306838274002075,1.057654619216919,1.30680251121521,0.5469338893890381,1.2507884502410889,0.2819784879684448,1.0
23,0.15,1.3306838274002075,0.9544597268104553,1.336148977279663,0.7133399844169617,1.2437944412231445,0.2715851068496704,1.0
23,0.2,1.3306838274002075,0.7875508069992065,1.3497484922409058,0.8221171498298645,1.2265491485595703,0.2878563404083252,1.0
23,0.32,1.3306838274002075,0.8480022549629211,1.5102615356445312,1.253243088722229,1.217787742614746,0.3122221529483795,1.0
23,0.5,1.3306838274002075,0.8808005452156067,1.6371264457702637,1.4682369232177734,1.2604780197143555,0.4429364502429962,1.0
23,0.8,1.3306838274002075,1.1517741680145264,1.8961880207061768,1.7271960973739624,1.4501711130142212,0.6889281272888184,1.0
24,0.001,0.6378899812698364,0.9648312330245972,0.9678348898887634,0.007455258164554834,0.9678207039833069,0.8666815161705017,0.0
24,0.05,0.6378899812698364,0.8534747958183289,1.027059555053711,0.3496975600719452,0.9980769753456116,0.8875156044960022,0.0
24,0.1,0.6378899812698364,0.8723762631416321,1.150803565979004,0.6390789151191711,1.0628879070281982,0.9570438861846924,0.0
24,0.15,0.6378899812698364,0.8294740319252014,1.263954997062683,0.8274288773536682,1.1294747591018677,1.0265147686004639,0.0
24,0.2,0.6378899812698364,0.8224784731864929,1.4191313982009888,1.0240763425827026,1.2390613555908203,1.155210018157959,0.0
24,0.32,0.6378899812698364,0.8647339344024658,1.604187250137329,1.496468424797058,1.2222378253936768,1.1456753015518188,0.0
24,0.5,0.6378899812698364,0.8610386252403259,1.8196368217468262,1.7391046285629272,1.3470734357833862,1.2824513912200928,0.0
24,0.8,0.6378899812698364,1.0093938112258911,1.8647680282592773,1.892205834388733,1.3007845878601074,1.2345999479293823,0.0
25,0.001,0.7629020810127258,0.904780924320221,0.9075419306755066,0.006749255117028952,0.9075297117233276,0.5159571766853333,0.0
25,0.05,0.7629020810127258,0.7872586250305176,0.9547080993652344,0.321230411529541,0.9281677603721619,0.5295303463935852,0.0
25,0.1,0.7629020810127258,0.8096163868904114,1.021234393119812,0.5532775521278381,0.9474064111709595,0.5396159887313843,0.0
25,0.15,0.7629020810127258,0.782375693321228,1.1446586847305298,0.7657989263534546,1.0133545398712158,0.5873804092407227,0.0
25,0.2,0.7629020810127258,0.6035035848617554,1.21406888961792,0.9934155941009521,1.002763032913208,0.5708886981010437,1.0
25,0.32,0.7629020810127258,0.8395392298698425,1.4016696214675903,1.3236157894134521,1.0449326038360596,0.5862445831298828,0.0
25,0.5,0.7629020810127258,0.9373553395271301,1.7256158590316772,1.7301069498062134,1.2139639854431152,0.7842399477958679,0.0
25,0.8,0.7629020810127258,0.9147686958312988,1.9394904375076294,1.8888206481933594,1.4206132888793945,1.1063382625579834,0.0
26,0.001,0.5551145076751709,0.6567411422729492,0.6583878993988037,0.007077453657984734,0.6583691835403442,0.5058904886245728,0.0
26,0.05,0.5551145076751709,0.5981383323669434,0.6740463972091675,0.32067880034446716,0.6346091032028198,0.44392630457878113,0.0
26,0.1,0.5551145076751709,0.6431777477264404,0.7786009907722473,0.5883224606513977,0.6572960019111633,0.4616265296936035,0.0
26,0.15,0.5551145076751709,0.6576834917068481,0.8672336935997009,0.7582274079322815,0.6814424395561218,0.4944312274456024,0.0
26,0.2,0.5551145076751709,0.667323887348175,1.0368667840957642,0.9784794449806213,0.773932695388794,0.5989874601364136,0.0
26,0.32,0.5551145076751709,0.7931203246116638,1.224936842918396,1.3367884159088135,0.7783997654914856,0.6270984411239624,0.0
26,0.5,0.5551145076751709,0.8247894644737244,1.5378183126449585,1.690427541732788,0.9619883298873901,0.8912602066993713,0.0
26,0.8,0.5551145076751709,0.945198118686676,1.7531696557998657,1.9450687170028687,1.1167970895767212,1.1010152101516724,0.0
27,0.001,0.857315182685852,1.6199406385421753,1.6227385997772217,0.007347465958446264,1.6227307319641113,1.2630565166473389,0.0
27,0.05,0.857315182685852,1.3866808414459229,1.6454784870147705,0.33547648787498474,1.6292256116867065,1.2757108211517334,0.0
27,0.1,0.857315182685852,1.374051570892334,1.6709047555923462,0.5946899652481079,1.6219172477722168,1.2790857553482056,0.0
27,0.15,0.857315182685852,1.4138051271438599,1.7669247388839722,0.7866166830062866,1.6833648681640625,1.342312216758728,0.0
27,0.2,0.857315182685852,1.0618571043014526,1.7591661214828491,1.0202027559280396,1.6186386346817017,1.269935131072998,0.0
27,0.32,0.857315182685852,1.1387109756469727,1.9264289140701294,1.4206968545913696,1.6551856994628906,1.2939852476119995,0.0
27,0.5,0.857315182685852,1.203444480895996,2.1800270080566406,1.8138881921768188,1.7758100032806396,1.4053794145584106,0.0
27,0.8,0.857315182685852,1.4103221893310547,2.3106534481048584,1.9159033298492432,1.8921440839767456,1.5558998584747314,0.0
28,0.001,0.6011505722999573,1.087467074394226,1.0900745391845703,0.006562376860529184,1.0900650024414062,0.8449509739875793,0.0
28,0.05,0.6011505722999573,0.9810146689414978,1.1583080291748047,0.29657480120658875,1.1401844024658203,0.8762328624725342,0.0
28,0.1,0.6011505722999573,0.8813607096672058,1.183053731918335,0.5358278751373291,1.124696969985962,0.86133873462677,0.0
28,0.15,0.6011505722999573,0.8359359502792358,1.2079964876174927,0.6982433199882507,1.1068123579025269,0.8527997732162476,0.0
28,0.2,0.6011505722999573,0.7213373184204102,1.2382171154022217,0.822492778301239,1.102766990661621,0.853428304195404,0.0
28,0.32,0.6011505722999573,0.5569266676902771,1.3566197156906128,1.2230817079544067,1.0442451238632202,0.8154541254043579,1.0
28,0.5,0.6011505722999573,0.8027022480964661,1.5622832775115967,1.5566502809524536,1.105412244796753,0.9619616270065308,0.0
28,0.8,0.6011505722999573,0.8257404565811157,1.6181474924087524,1.6678192615509033,1.1119450330734253,1.0160244703292847,0.0
29,0.001,0.7219558358192444,1.0563067197799683,1.058334469795227,0.007950346916913986,1.0583198070526123,0.6514777541160583,0.0
29,0.05,0.7219558358192444,1.0175199508666992,1.0983067750930786,0.36841222643852234,1.0670087337493896,0.6575923562049866,0.0
29,0.1,0.7219558358192444,1.034455418586731,1.186187982559204,0.6576045155525208,1.0902124643325806,0.6751847863197327,0.0
29,0.15,0.7219558358192444,1.0412819385528564,1.2665284872055054,0.8613482117652893,1.1072474718093872,0.6908877491950989,0.0
29,0.2,0.7219558358192444,1.0056089162826538,1.386373519897461,1.0580503940582275,1.1631377935409546,0.7618392109870911,0.0
29,0.32,0.7219558358192444,0.947105884552002,1.614345669746399,1.4912879467010498,1.2222627401351929,0.8476969003677368,0.0
29,0.5,0.7219558358192444,0.8455924391746521,1.9336978197097778,1.8850741386413574,1.4236215353012085,1.1070833206176758,0.0
29,0.8,0.7219558358192444,1.1080386638641357,2.241893768310547,1.9910163879394531,1.7989860773086548,1.5208160877227783,0.0
30,0.001,0.8047659993171692,1.1941033601760864,1.1969552040100098,0.00683268578723073,1.1969456672668457,0.7806528210639954,0.0
30,0.05,0.8047659993171692,1.0499510765075684,1.2551392316818237,0.3233814835548401,1.2352272272109985,0.829334557056427,0.0
30,0.1,0.8047659993171692,1.0396559238433838,1.348024845123291,0.5939733982086182,1.285922646522522,0.9088231325149536,0.0
30,0.15,0.8047659993171692,0.9483466744422913,1.3715499639511108,0.7746660709381104,1.2683384418487549,0.9181477427482605,0.0
30,0.2,0.8047659993171692,0.9686474800109863,1.46841299533844,0.9849581718444824,1.30118989944458,0.9841480851173401,0.0
30,0.32,0.8047659993171692,0.9341373443603516,1.612304925918579,1.4122941493988037,1.2874056100845337,1.01480233669281,0.0
30,0.5,0.8047659993171692,0.9976740479469299,1.9093666076660156,1.7354751825332642,1.4883174896240234,1.2964104413986206,0.0
30,0.8,0.8047659993171692,1.1245988607406616,2.1421163082122803,1.8768589496612549,1.7033025026321411,1.5279148817062378,0.0
31,0.001,0.8347345590591431,1.2559016942977905,1.2577935457229614,0.006845901254564524,1.2577842473983765,1.2452516555786133,0.0
31,0.05,0.8347345590591431,1.1813678741455078,1.3073105812072754,0.3208340108394623,1.28804349899292,1.2804442644119263,0.0
31,0.1,0.8347345590591431,0.984458863735199,1.3659738302230835,0.5819089412689209,1.3037534952163696,1.2959001064300537,0.0
31,0.15,0.8347345590591431,0.9816310405731201,1.4205013513565063,0.7662169337272644,1.3167566061019897,1.3139692544937134,0.0
31,0.2,0.8347345590591431,0.9737440347671509,1.5070912837982178,0.9118493795394897,1.36670982837677,1.3701272010803223,0.0
31,0.32,0.8347345590591431,1.085940957069397,1.7235594987869263,1.3567200899124146,1.4324902296066284,1.424621343612671,0.0
31,0.5,0.8347345590591431,1.0405112504959106,2.0140089988708496,1.7125459909439087,1.6131585836410522,1.611525535583496,0.0
31,0.8,0.8347345590591431,1.3938082456588745,2.147394895553589,1.7312355041503906,1.771896481513977,1.7772550582885742,0.0
32,0.001,1.204511284828186,1.1512080430984497,1.1539589166641235,0.006975672673434019,1.1539486646652222,0.47771212458610535,1.0
32,0.05,1.204511284828186,0.9939149618148804,1.1155046224594116,0.318970650434494,1.0937466621398926,0.5103945732116699,1.0
32,0.1,1.204511284828186,0.8621823191642761,1.127191424369812,0.5471773147583008,1.0629323720932007,0.5116429328918457,1.0
32,0.15,1.204511284828186,0.8455221056938171,1.2062230110168457,0.7189663052558899,1.1045283079147339,0.5345631837844849,1.0
32,0.2,1.204511284828186,0.7742886543273926,1.1826214790344238,0.8279778361320496,1.0443073511123657,0.5196124911308289,1.0
32,0.32,1.204511284828186,0.7648600935935974,1.45769464969635,1.2350728511810303,1.1930564641952515,0.5107921361923218,1.0
32,0.5,1.204511284828186,0.9324464201927185,1.5612905025482178,1.4580562114715576,1.193855881690979,0.5686094164848328,1.0
32,0.8,1.204511284828186,0.9109827280044556,1.737720012664795,1.6777772903442383,1.2883574962615967,0.7736077308654785,1.0
33,0.001,0.5846494436264038,1.1338847875595093,1.1369503736495972,0.006899201776832342,1.1369401216506958,0.8688046336174011,0.0
33,0.05,0.5846494436264038,0.9592804312705994,1.0846434831619263,0.3172566890716553,1.0623117685317993,0.7978752255439758,0.0
33,0.1,0.5846494436264038,0.7908686995506287,1.109230875968933,0.5642794370651245,1.042083978652954,0.7724248766899109,0.0
33,0.15,0.5846494436264038,0.6845912337303162,1.1608967781066895,0.746766209602356,1.047218680381775,0.7709087133407593,0.0
33,0.2,0.5846494436264038,0.7310281991958618,1.2567940950393677,0.9432367086410522,1.0838148593902588,0.7957627773284912,0.0
33,0.32,0.5846494436264038,0.7280939817428589,1.471549391746521,1.2870384454727173,1.1774979829788208,0.8754915595054626,0.0
33,0.5,0.5846494436264038,0.8308257460594177,1.8593183755874634,1.624636173248291,1.494200587272644,1.1730437278747559,0.0
33,0.8,0.5846494436264038,0.9708293676376343,2.0743041038513184,1.8212690353393555,1.6579688787460327,1.3240317106246948,0.0
34,0.001,0.7139504551887512,1.0809788703918457,1.0838100910186768,0.0071631972678005695,1.0837987661361694,0.8485302925109863,0.0
34,0.05,0.7139504551887512,0.9082226753234863,1.0396653413772583,0.3200831413269043,1.0159587860107422,0.7762029767036438,0.0
34,0.1,0.7139504551887512,0.8292855024337769,1.0652782917022705,0.5837796926498413,0.9876906275749207,0.7468347549438477,0.0
34,0.15,0.7139504551887512,0.7603554129600525,1.0898483991622925,0.7171770334243774,0.9726853966712952,0.7305028438568115,0.0
34,0.2,0.7139504551887512,0.7097952961921692,1.1790159940719604,0.9458110928535461,0.9835566282272339,0.7446892857551575,1.0
34,0.32,0.7139504551887512,0.7785936594009399,1.352339744567871,1.2454683780670166,1.0429381132125854,0.7823168635368347,0.0
34,0.5,0.7139504551887512,0.8488288521766663,1.7129039764404297,1.746053695678711,1.2123018503189087,0.959790050983429,0.0
34,0.8,0.7139504551887512,0.9259181022644043,1.8578033447265625,1.7919652462005615,1.3799774646759033,1.1209690570831299,0.0
35,0.001,0.5468430519104004,0.8281912803649902,0.8299230933189392,0.006899090949445963,0.8299095630645752,0.7044932246208191,0.0
35,0.05,0.5468430519104004,0.6888388395309448,0.7937080264091492,0.3035273253917694,0.7645997405052185,0.6289569735527039,0.0
35,0.1,0.5468430519104004,0.6973908543586731,0.8417539000511169,0.5284571051597595,0.7551806569099426,0.6189745664596558,0.0
35,0.15,0.5468430519104004,0.668846607208252,0.9017618894577026,0.6675528883934021,0.7696632146835327,0.6401311755180359,0.0
35,0.2,0.5468430519104004,0.6464642286300659,0.9385559558868408,0.7655324339866638,0.7730457782745361,0.6442093253135681,0.0
35,0.32,0.5468430519104004,0.6162593364715576,1.1175436973571777,1.042616844177246,0.8533528447151184,0.7432568669319153,0.0
35,0.5,0.5468430519104004,0.7003528475761414,1.4525375366210938,1.3275811672210693,1.1428335905075073,1.046241283416748,0.0
35,0.8,0.5468430519104004,0.8776390552520752,1.7223175764083862,1.5430362224578857,1.3617953062057495,1.2500414848327637,0.0
36,0.001,0.7857149839401245,1.3348523378372192,1.3374792337417603,0.0075606671161949635,1.3374688625335693,1.0003734827041626,0.0
36,0.05,0.7857149839401245,1.2194559574127197,1.352620244026184,0.3451805114746094,1.3309446573257446,0.9995720982551575,0.0
36,0.1,0.7857149839401245,1.1756343841552734,1.3970932960510254,0.6126211881637573,1.3295496702194214,0.9958407282829285,0.0
36,0.15,0.7857149839401245,1.0976085662841797,1.4295846223831177,0.7890340685844421,1.3187158107757568,0.9756072759628296,0.0
36,0.2,0.7857149839401245,1.1314605474472046,1.4497193098068237,0.9415544867515564,1.2899916172027588,0.9420526027679443,0.0
36,0.32,0.7857149839401245,1.073857307434082,1.5513885021209717,1.3063675165176392,1.2433605194091797,0.8719873428344727,0.0
36,0.5,0.7857149839401245,0.9684514403343201,1.7052618265151978,1.7078548669815063,1.2087980508804321,0.8419994711875916,0.0
36,0.8,0.7857149839401245,1.1727750301361084,1.9337825775146484,2.043088674545288,1.2889450788497925,0.9184632897377014,0.0
37,0.001,0.7771669626235962,0.9034438133239746,0.9057725071907043,0.007049658801406622,0.9057590961456299,0.5309862494468689,0.0
37,0.05,0.7771669626235962,0.8760087490081787,0.9644560217857361,0.3217581808567047,0.9373205304145813,0.5786109566688538,0.0
37,0.1,0.7771669626235962,0.8508663177490234,1.0364739894866943,0.5719438195228577,0.9544512629508972,0.6107679605484009,0.0
37,0.15,0.7771669626235962,0.9139552712440491,1.1017433404922485,0.7348265647888184,0.9697416424751282,0.6516696810722351,0.0
37,0.2,0.7771669626235962,0.8679535984992981,1.1869126558303833,0.9764912724494934,0.9575415253639221,0.6271744966506958,0.0
37,0.32,0.7771669626235962,0.7987120151519775,1.3857791423797607,1.3769299983978271,0.9702247977256775,0.6880139112472534,0.0
37,0.5,0.7771669626235962,0.8656353950500488,1.552783489227295,1.6646761894226074,1.0333898067474365,0.7872068881988525,0.0
37,0.8,0.7771669626235962,1.077484369277954,1.8268914222717285,1.8161945343017578,1.320859670639038,1.0866165161132812,0.0
38,0.001,0.6817011833190918,0.9962104558944702,0.9986030459403992,0.00706483842805028,0.998590886592865,0.8309394121170044,0.0
38,0.05,0.6817011833190918,0.8138173222541809,0.9710122346878052,0.31832054257392883,0.945193886756897,0.8041280508041382,0.0
38,0.1,0.6817011833190918,0.7680025100708008,1.0072767734527588,0.5665728449821472,0.9263157844543457,0.8055505752563477,0.0
38,0.15,0.6817011833190918,0.6666531562805176,1.031680703163147,0.7378981113433838,0.8920711874961853,0.7899733185768127,1.0
38,0.2,0.6817011833190918,0.7274359464645386,1.1107627153396606,0.8770948052406311,0.9254865050315857,0.792631983757019,0.0
38,0.32,0.6817011833190918,0.7379842400550842,1.3196754455566406,1.2517085075378418,0.9788302779197693,0.8093209266662598,0.0
38,0.5,0.6817011833190918,0.7655355334281921,1.6751368045806885,1.710949420928955,1.1853821277618408,0.9817721843719482,0.0
38,0.8,0.6817011833190918,0.826917290687561,1.948834776878357,1.8949862718582153,1.4545800685882568,1.2483947277069092,0.0
39,0.001,0.6939142346382141,0.9405289888381958,0.9424569606781006,0.007024906575679779,0.9424437880516052,0.6572222709655762,0.0
39,0.05,0.6939142346382141,0.8325735926628113,0.9278774857521057,0.33202171325683594,0.8975039720535278,0.580716609954834,0.0
39,0.1,0.6939142346382141,0.8026846051216125,0.9556059241294861,0.5603389739990234,0.8690653443336487,0.5556091666221619,0.0
39,0.15,0.6939142346382141,0.8062951564788818,1.046478271484375,0.7845924496650696,0.8832186460494995,0.6091952323913574,0.0
39,0.2,0.6939142346382141,0.8265999555587769,1.1295334100723267,0.957365870475769,0.8948492407798767,0.6325503587722778,0.0
39,0.32,0.6939142346382141,0.7936586737632751,1.334633708000183,1.3356107473373413,0.9307652115821838,0.6929861903190613,0.0
39,0.5,0.6939142346382141,0.9206039309501648,1.6133763790130615,1.637072205543518,1.130565881729126,0.9700086116790771,0.0
39,0.8,0.6939142346382141,1.094791054725647,1.7443293333053589,1.8187752962112427,1.1856220960617065,1.020997166633606,0.0
40,0.001,0.8835309147834778,1.0415898561477661,1.04404878616333,0.006916587706655264,1.0440373420715332,1.1876909732818604,0.0
40,0.05,0.8835309147834778,0.9578669667243958,1.0376474857330322,0.32060274481773376,1.012624979019165,1.105841875076294,0.0
40,0.1,0.8835309147834778,0.869343101978302,1.0855437517166138,0.570585310459137,1.0084294080734253,1.0574723482131958,1.0
40,0.15,0.8835309147834778,0.9032443165779114,1.1398431062698364,0.7845326662063599,0.9944614768028259,1.0045206546783447,0.0
40,0.2,0.8835309147834778,0.9325399994850159,1.2126740217208862,0.9549912810325623,0.9964678883552551,1.0219372510910034,0.0
40,0.32,0.8835309147834778,0.8133522272109985,1.4963679313659668,1.3626409769058228,1.1534640789031982,1.147457480430603,1.0
40,0.5,0.8835309147834778,0.9203911423683167,1.850298285484314,1.7202792167663574,1.415583848953247,1.4382747411727905,0.0
40,0.8,0.8835309147834778,1.1099114418029785,2.113668203353882,1.8885480165481567,1.6651201248168945,1.646620750427246,0.0
41,0.001,0.6386739015579224,0.8766185641288757,0.8780112862586975,0.006336601916700602,0.8779999017715454,0.6200665235519409,0.0
41,0.05,0.6386739015579224,0.8685354590415955,0.9492174983024597,0.297758013010025,0.9254440069198608,0.6508808732032776,0.0
41,0.1,0.6386739015579224,0.821499764919281,1.0128144025802612,0.512250542640686,0.9461254477500916,0.671210765838623,0.0
41,0.15,0.6386739015579224,0.8515278697013855,1.0636959075927734,0.6570964455604553,0.9556310772895813,0.6832332015037537,0.0
41,0.2,0.6386739015579224,0.8308950066566467,1.1143076419830322,0.8080412149429321,0.9520106315612793,0.6866812109947205,0.0
41,0.32,0.6386739015579224,0.8342798352241516,1.29587984085083,1.1457346677780151,0.990785539150238,0.7371152639389038,0.0
41,0.5,0.6386739015579224,0.8769221901893616,1.5453578233718872,1.5461454391479492,1.076889991760254,0.8552378416061401,0.0
41,0.8,0.6386739015579224,0.818651020526886,1.8059743642807007,1.7032572031021118,1.3744125366210938,1.194709300994873,0.0
42,0.001,0.87156081199646,1.8937861919403076,1.8960778713226318,0.007132408674806356,1.8960713148117065,1.6699098348617554,0.0
42,0.05,0.87156081199646,1.7630420923233032,1.925730586051941,0.3277871608734131,1.9123504161834717,1.6736992597579956,0.0
42,0.1,0.87156081199646,1.5876652002334595,1.9664647579193115,0.5934330224990845,1.9240342378616333,1.6909699440002441,0.0
42,0.15,0.87156081199646,1.5612300634384155,1.9956251382827759,0.7834116220474243,1.9217809438705444,1.6948869228363037,0.0
42,0.2,0.87156081199646,1.4995380640029907,1.9772067070007324,0.9667795896530151,1.8610203266143799,1.6305238008499146,0.0
42,0.32,0.87156081199646,1.1361818313598633,2.0417213439941406,1.442365288734436,1.7892730236053467,1.5664536952972412,0.0
42,0.5,0.87156081199646,1.1814407110214233,2.2432634830474854,1.8486506938934326,1.8373056650161743,1.6908808946609497,0.0
42,0.8,0.87156081199646,1.2052359580993652,2.1081862449645996,1.8795136213302612,1.646525263786316,1.5692164897918701,0.0
43,0.001,0.8589003086090088,1.0148084163665771,1.0159916877746582,0.006974543444812298,1.0159797668457031,0.4694727957248688,0.0
43,0.05,0.8589003086090088,0.9947078824043274,1.0483886003494263,0.32006117701530457,1.0234827995300293,0.46728137135505676,0.0
43,0.1,0.8589003086090088,0.9240331053733826,1.1053433418273926,0.5666458606719971,1.0291987657546997,0.46485060453414917,0.0
43,0.15,0.8589003086090088,0.898594856262207,1.15166437625885,0.7159423828125,1.0325109958648682,0.47830715775489807,0.0
43,0.2,0.8589003086090088,0.9710454940795898,1.2157949209213257,0.8923484086990356,1.0295709371566772,0.5121601819992065,0.0
43,0.32,0.8589003086090088,0.9477816820144653,1.386481761932373,1.2143495082855225,1.0798263549804688,0.625863790512085,0.0
43,0.5,0.8589003086090088,0.9129511713981628,1.571039080619812,1.5280821323394775,1.1360163688659668,0.6860696077346802,0.0
43,0.8,0.8589003086090088,1.0674227476119995,1.734784483909607,1.6684727668762207,1.2802151441574097,0.9087073802947998,0.0
44,0.001,0.9461371302604675,1.871328353881836,1.8743398189544678,0.008286725729703903,1.874330997467041,1.6736546754837036,0.0
44,0.05,0.9461371302604675,1.6359751224517822,1.8161379098892212,0.3821442127227783,1.7969321012496948,1.5870124101638794,0.0
44,0.1,0.9461371302604675,1.536055326461792,1.7971267700195312,0.676596999168396,1.73562753200531,1.5280324220657349,0.0
44,0.15,0.9461371302604675,1.3975118398666382,1.837649941444397,0.8933883309364319,1.7321289777755737,1.5293294191360474,0.0
44,0.2,0.9461371302604675,1.1820094585418701,1.8525279760360718,1.0837366580963135,1.7082512378692627,1.5054731369018555,0.0
44,0.32,0.9461371302604675,1.1907812356948853,2.0103256702423096,1.348366379737854,1.7999879121780396,1.5999901294708252,0.0
44,0.5,0.9461371302604675,1.212029218673706,2.1774728298187256,1.7029038667678833,1.8602545261383057,1.6529000997543335,0.0
44,0.8,0.9461371302604675,1.2536671161651611,2.359104871749878,1.7629566192626953,2.0298337936401367,1.8276739120483398,0.0
45,0.001,0.7802292108535767,1.0679441690444946,1.070616364479065,0.00655291136354208,1.0706064701080322,0.9974846839904785,0.0
45,0.05,0.7802292108535767,0.9245240688323975,1.0528420209884644,0.3032359778881073,1.0315359830856323,0.936252236366272,0.0
45,0.1,0.7802292108535767,0.7733888030052185,1.0738085508346558,0.5447046756744385,1.0052982568740845,0.9002382159233093,1.0
45,0.15,0.7802292108535767,0.6827235221862793,1.089463233947754,0.705589234828949,0.9723441004753113,0.8956767320632935,1.0
45,0.2,0.7802292108535767,0.7187421917915344,1.1039009094238281,0.8969889283180237,0.9069664478302002,0.8403624296188354,1.0
45,0.32,0.7802292108535767,0.696887195110321,1.318251609802246,1.3065025806427002,0.953406572341919,0.9624937176704407,1.0
45,0.5,0.7802292108535767,0.6230257153511047,1.4870072603225708,1.6813424825668335,0.8965196013450623,1.0589866638183594,1.0
45,0.8,0.7802292108535767,0.7258679866790771,1.659618616104126,1.7249988317489624,1.1438236236572266,1.2841392755508423,1.0
46,0.001,0.7326450943946838,1.5281535387039185,1.531461477279663,0.006711672991514206,1.5314544439315796,1.234025239944458,0.0
46,0.05,0.7326450943946838,1.3580641746520996,1.5008573532104492,0.3149610161781311,1.485211968421936,1.1822941303253174,0.0
46,0.1,0.7326450943946838,1.2661514282226562,1.5497548580169678,0.5347742438316345,1.5063835382461548,1.2007672786712646,0.0
46,0.15,0.7326450943946838,1.2082085609436035,1.5644532442092896,0.6890416741371155,1.491756796836853,1.1804094314575195,0.0
46,0.2,0.7326450943946838,1.0696557760238647,1.678061604499817,0.889211118221283,1.5727663040161133,1.2672687768936157,0.0
46,0.32,0.7326450943946838,1.1185963153839111,1.834121823310852,1.2169687747955322,1.6377655267715454,1.3272309303283691,0.0
46,0.5,0.7326450943946838,1.3398663997650146,2.260333299636841,1.6321120262145996,1.9650757312774658,1.6712385416030884,0.0
46,0.8,0.7326450943946838,1.4674437046051025,2.367687225341797,1.6148784160614014,2.0942680835723877,1.7945204973220825,0.0
47,0.001,0.9254220724105835,0.8479587435722351,0.8495856523513794,0.0069085415452718735,0.8495715856552124,0.38885384798049927,1.0
47,0.05,0.9254220724105835,0.7983114123344421,0.871572732925415,0.3248355984687805,0.8407579064369202,0.37973183393478394,1.0
47,0.1,0.9254220724105835,0.822342574596405,0.9611907601356506,0.6076591610908508,0.8586642146110535,0.36030852794647217,1.0
47,0.15,0.9254220724105835,0.7905287146568298,1.0605539083480835,0.801312267780304,0.897013783454895,0.33373957872390747,1.0
47,0.2,0.9254220724105835,0.8153716921806335,1.1786863803863525,1.0177651643753052,0.9355228543281555,0.3623940050601959,1.0
47,0.32,0.9254220724105835,0.7727722525596619,1.3889946937561035,1.3102623224258423,1.0347533226013184,0.43031030893325806,1.0
47,0.5,0.9254220724105835,1.047778606414795,1.769677996635437,1.758958101272583,1.2605905532836914,0.6718993782997131,0.0
47,0.8,0.9254220724105835,0.9527717232704163,1.8972675800323486,1.8076527118682861,1.4194246530532837,0.8067474961280823,0.0
48,0.001,0.8486528396606445,1.4784033298492432,1.4816383123397827,0.007323999423533678,1.4816299676895142,1.5983624458312988,0.0
48,0.05,0.8486528396606445,1.2836445569992065,1.4506268501281738,0.33593156933784485,1.4323927164077759,1.5401192903518677,0.0
48,0.1,0.8486528396606445,1.1744911670684814,1.4711239337921143,0.5934857130050659,1.4131757020950317,1.527382254600525,0.0
48,0.15,0.8486528396606445,1.0339438915252686,1.5128540992736816,0.7733027338981628,1.419580101966858,1.530979871749878,0.0
48,0.2,0.8486528396606445,0.9472448229789734,1.5442538261413574,0.9251513481140137,1.4170266389846802,1.5438952445983887,0.0
48,0.32,0.8486528396606445,0.9391756653785706,1.712310791015625,1.3237318992614746,1.467262864112854,1.632161021232605,0.0
48,0.5,0.8486528396606445,1.0458680391311646,1.9436461925506592,1.7055869102478027,1.5680633783340454,1.730296015739441,0.0
48,0.8,0.8486528396606445,1.0553990602493286,2.007516622543335,1.8105595111846924,1.5842196941375732,1.7652430534362793,0.0
49,0.001,0.7809911966323853,1.398270606994629,1.4002418518066406,0.00653301365673542,1.400234341621399,1.2954765558242798,0.0
49,0.05,0.7809911966323853,1.2453306913375854,1.4339933395385742,0.3051300346851349,1.4186508655548096,1.323662281036377,0.0
49,0.1,0.7809911966323853,1.1660397052764893,1.4937294721603394,0.5747079849243164,1.4410923719406128,1.3538602590560913,0.0
49,0.15,0.7809911966323853,1.1207255125045776,1.5015307664871216,0.7012202739715576,1.4241061210632324,1.3350070714950562,0.0
49,0.2,0.7809911966323853,0.911577045917511,1.493544578552246,0.9206240177154541,1.3549402952194214,1.2514930963516235,0.0
49,0.32,0.7809911966323853,0.9256309866905212,1.6333917379379272,1.2216023206710815,1.3870688676834106,1.2844268083572388,0.0
49,0.5,0.7809911966323853,1.1103132963180542,1.843341588973999,1.6361873149871826,1.4236829280853271,1.311437726020813,0.0
49,0.8,0.7809911966323853,1.3639079332351685,2.0023272037506104,1.7854374647140503,1.5443572998046875,1.4583663940429688,0.0
